ID,CC_1,CC_2,CC_3,CC_4,CC_5,CC_6,CC_7,CC_8,CC_9,CC_10,CC_11,CC_12,CC_13,CC_14,CC_15,CC_16,CC_17,CC_18,CC_19,CC_20,CC_21,CC_22,CC_23,CC_24,CC_25,CC_26,CC_27,CC_28,CC_29,CC_30,CC_31,CC_32,CC_33,CC_34,CC_35,CC_36,CC_37,CC_38,CC_39,CC_40,CC_41,CC_42,CC_43,CC_44,CC_45,CC_46,CC_47,CC_48,CC_49,CC_50,CC_51,CC_52,CC_53,CC_54,CC_55,CC_56,CC_57,CC_58,CC_59,CC_60,CC_61,CC_62,CC_63,CC_64,CC_65,CC_66,CC_67,CC_68,CC_69,CC_70,CC_71,CC_72,CC_73,CC_74,CC_75,CC_76,CC_77,CC_78,CC_79,CC_80,CC_81,CC_82,CC_83,CC_84,CC_85,CC_86,CC_87,CC_88,CC_89,CC_90
s0306lre_0,-0.5059868805845782,0.19281452961790685,-0.9794268691170005,0.15600445378542055,-0.9097170558904469,0.12241203893310636,-0.8557606347498146,0.1176001380743658,-0.8091720269694846,0.11296836665261838,-0.738753035107177,0.10133593016649665,-0.6556638114680173,0.08889629396623401,-0.5641982209283674,0.07528385250435031,-0.4627245339162747,0.06034522688461675,-0.35705880136915213,0.044934162003220084,-0.24734421737475504,0.029158188412681356,-0.13749649255163907,0.013669800663713807,-0.029313972038508492,-0.0014693849137429815,0.07394473278289342,-0.015562122629550885,0.17007197141889105,-0.028925207800728867,0.25721855131284177,-0.040692129846209936,0.33320445806029064,-0.050598245053092746,0.3964713455102361,-0.05900413740695131,0.4462938053005881,-0.0652348502029074,0.481899887629187,-0.06969422235212368,0.5032830908682144,-0.0720429434479746,0.5108695139222652,-0.07259403604888948,0.5055747230467549,-0.0714452051013485,0.48877530391810736,-0.06875257564853561,0.46211330924315147,-0.06481074525456644,0.4275903602336081,-0.05988366175458491,0.38720619457593,-0.05421192283158336,0.34315833660463496,-0.04811305337867855,0.2974692034929015,-0.04179581680275928,0.2521100083845719,-0.035602025911703805,0.20863071630305136,-0.0296892964732065,0.16838356955142464,-0.02416002460876223,0.1323562331566439,-0.01922805083795161,0.10109079119480235,-0.014921521544999598,0.07482056458849852,-0.011259354230103,0.05355205883905578,-0.00823120841850562,0.03688585576981674,-0.005866322657747471,0.024357687872171813,-0.004022156234221584,0.015314981297947602,-0.002633671464408146,0.009090946781165047,-0.0016400883711023845,0.0050285623904379306,-0.000993417321861741,0.0025466796711563614,-0.0005501573665595062,0.0011683889092640898,-0.00026382542945314994,0.0004300263534158415,-0.0001342088403907599,0.00014079370617795788,-6.112353153585376e-05
