ID,CC_1,CC_2,CC_3,CC_4,CC_5,CC_6,CC_7,CC_8,CC_9,CC_10,CC_11,CC_12,CC_13,CC_14,CC_15,CC_16,CC_17,CC_18,CC_19,CC_20,CC_21,CC_22,CC_23,CC_24,CC_25,CC_26,CC_27,CC_28,CC_29,CC_30,CC_31,CC_32,CC_33,CC_34,CC_35,CC_36,CC_37,CC_38,CC_39,CC_40
s0306lre_0,-0.03647235509060745,0.057376016627237764,-0.04880138221702909,0.02296101217909462,-0.004111444988890849,-0.005896558855380866,0.008778126194203623,-0.0037434040041893096,-0.0008086963098947375,0.0006583693920065839,-0.00038246596979471027,-8.271300973310863e-05,0.0005172729767598232,-2.8459042257888584e-05,-0.0004848154565975379,0.00016122850545295192,0.00041946880918587287,6.448288275222992e-06,-0.0002004372081014453,1.0208268634032243e-05,4.8857183536237684e-05,-8.576729269784691e-05,-0.00012714321900134513,2.6736049814076733e-07,0.00010513092281964046,-3.4892758661333385e-05,5.008159058766024e-05,0.00015838872472593093,-8.855290867125943e-05,-5.579609592268597e-05,1.720939212043267e-05,-9.075418883461454e-05,5.1711866147130344e-05,8.741154489430704e-05,-6.22139441621042e-05,-5.535981716110772e-05,-9.73768136757957e-06,4.5760996129958503e-05,-4.613150072716645e-06,-5.6423483571070866e-05
