ID,CC_1,CC_2,CC_3,CC_4,CC_5,CC_6,CC_7,CC_8,CC_9,CC_10,CC_11,CC_12,CC_13,CC_14,CC_15,CC_16,CC_17,CC_18,CC_19,CC_20,CC_21,CC_22,CC_23,CC_24,CC_25,CC_26,CC_27,CC_28,CC_29,CC_30,CC_31,CC_32,CC_33,CC_34,CC_35,CC_36,CC_37,CC_38,CC_39,CC_40,CC_41,CC_42,CC_43,CC_44,CC_45,CC_46,CC_47,CC_48,CC_49,CC_50,CC_51,CC_52,CC_53,CC_54,CC_55,CC_56,CC_57,CC_58,CC_59,CC_60
s0306lre_0,-0.03648741654820077,0.057188148746075376,-0.04883123251730642,0.02277660535778753,-0.004140481590120688,-0.006074107715750743,0.00875043185659448,-0.003910826645018963,-0.0008345409470219225,0.0005041476050719596,-0.00040598355190818496,-0.00022091829104492914,0.000496520373194385,-0.00014815634313537985,-0.0005024142915781592,6.214250990751644e-05,0.0004053534915497589,-7.037234430011245e-05,-0.00021080813965299334,-4.319824544101883e-05,4.2413271838845e-05,-0.00011516440516272987,-0.00012956401372019865,-5.115602475762945e-06,0.00010673630276165632,-1.686976066849252e-05,5.561943015530801e-05,0.00019859249228308226,-7.927273277903494e-05,4.764111555014662e-06,2.9951901171073147e-05,-1.2217784066818853e-05,6.756349190832179e-05,0.00018106019276056476,-4.364286866991009e-05,5.0160463861949896e-05,1.1217122419280614e-05,0.00015969589734554242,1.875631329609635e-05,6.256431260225728e-05,2.885696718469926e-05,0.0001225534637816772,2.4456845749393443e-05,0.00011641448135310107,5.470954845243262e-06,9.59588222567062e-05,1.1567764970703033e-05,0.00010586162915970668,1.4884128525339536e-09,9.266179375806562e-05,3.147629898947706e-05,6.106168182520573e-05,1.3434670156449247e-05,5.27047345449419e-05,1.0762455164187478e-05,3.175819742348824e-05,-1.7239695520935878e-05,5.717917162537604e-05,8.127778567003247e-06,2.9208067677759134e-05
