ID,CC_1,CC_2,CC_3,CC_4,CC_5,CC_6,CC_7,CC_8,CC_9,CC_10,CC_11,CC_12,CC_13,CC_14,CC_15,CC_16,CC_17,CC_18,CC_19,CC_20,CC_21,CC_22,CC_23,CC_24,CC_25,CC_26,CC_27,CC_28,CC_29,CC_30,CC_31,CC_32,CC_33,CC_34,CC_35,CC_36,CC_37,CC_38,CC_39,CC_40,CC_41,CC_42,CC_43,CC_44,CC_45,CC_46,CC_47,CC_48,CC_49,CC_50,CC_51,CC_52,CC_53,CC_54,CC_55,CC_56,CC_57,CC_58,CC_59,CC_60,CC_61,CC_62,CC_63,CC_64,CC_65,CC_66,CC_67,CC_68,CC_69,CC_70,CC_71,CC_72,CC_73,CC_74,CC_75,CC_76,CC_77,CC_78,CC_79,CC_80
s0306lre_0,-0.03712252646115778,0.03257529682150385,-0.050090015688784836,-0.0013898456677465176,-0.005365214645096007,-0.029357635408705323,0.00758158694175798,-0.02589453870544443,-0.0019269382187973134,-0.019791974460002845,-0.0014031337848884834,-0.0184798615335854,-0.000388793773329132,-0.016066982714262344,-0.0012619216956040991,-0.013267931640019198,-0.00021734894905433772,-0.010623961825730563,-0.0006889673911561969,-0.007698762525412017,-0.00028693297455906566,-0.004821063661399455,-0.00030941299931717216,-0.0017814772164713405,7.346804859625157e-05,0.0010446219148746766,0.0001625094576858028,0.003937166115121741,0.0001580567337962592,0.0061953977268928715,0.00038502970503753487,0.008348412296882131,0.0005251594548831744,0.010382048778318147,0.0004992325887242703,0.011725770809106747,0.000620735013381288,0.012921186751028355,0.0006755469130321765,0.013512378501262995,0.000713510316332909,0.013868960542348195,0.0007182092720162713,0.013787882914510625,0.0006908513567399038,0.013354492714516691,0.00067296992780832,0.01265855025720772,0.0006241518332347302,0.01170076300473329,0.000607772076924843,0.010546073134429967,0.0005341353282575049,0.009299063902472284,0.0004710258506109612,0.0079860386707281,0.000380523834856574,0.0067238866044838155,0.0003438398950670556,0.005463398778223417,0.0002763602316711727,0.004294575893637825,0.00021459710991010038,0.00330938985393818,0.0001871226957606746,0.002430963481688881,0.0001440337071231963,0.001710723782979409,7.772639263067647e-05,0.001155821139828507,6.551626288231199e-05,0.000756278309925252,3.3198992083334154e-05,0.0004256143852715899,2.7516687140322197e-05,0.00022295359731193775,2.0189805731019603e-05,0.00011469466957524656,1.2730744086775937e-05,5.789795928060332e-05
