ID,CC_1,CC_2,CC_3,CC_4,CC_5,CC_6,CC_7,CC_8,CC_9,CC_10,CC_11,CC_12,CC_13,CC_14,CC_15,CC_16,CC_17,CC_18,CC_19,CC_20,CC_21,CC_22,CC_23,CC_24,CC_25,CC_26,CC_27,CC_28,CC_29,CC_30
s0306lre_0,-0.036472354012727345,0.057361194031717175,-0.048801384962607705,0.022946458344339508,-0.004111463544584456,-0.005910572628054189,0.008778077533195127,-0.0037566012223986542,-0.0008087952551713279,0.0006462733482251895,-0.0003826441681704585,-9.341157743662288e-05,0.0005169741686664066,-3.744734150993411e-05,-0.0004852933726959497,0.00015428705341914554,0.00041872940604106227,1.926269924271324e-06,-0.00020155468209252358,8.536504030711927e-06,4.719359852839249e-05,-8.405606859961282e-05,-0.00012960426320665088,6.090303115619553e-06,0.00010147144069967144,-2.3802827947221328e-05,4.451142210794971e-05,0.00017702044882119902,-9.755515813760259e-05,-2.3215809122040253e-05
