ID,CC_1,CC_2,CC_3,CC_4,CC_5,CC_6,CC_7,CC_8,CC_9,CC_10
s0306lre_0,-0.036445851429569374,0.05738575723542699,-0.0487456622045058,0.022971996078310374,-0.004046561952429833,-0.00588271034093053,0.008863118891841255,-0.0037238968714755055,-0.0006746592861998109,0.0006904303322966187
