ID,CC_1,CC_2,CC_3,CC_4,CC_5,CC_6,CC_7,CC_8,CC_9,CC_10,CC_11,CC_12,CC_13,CC_14,CC_15,CC_16,CC_17,CC_18,CC_19,CC_20,CC_21,CC_22,CC_23,CC_24,CC_25,CC_26,CC_27,CC_28,CC_29,CC_30,CC_31,CC_32,CC_33,CC_34,CC_35,CC_36,CC_37,CC_38,CC_39,CC_40,CC_41,CC_42,CC_43,CC_44,CC_45,CC_46,CC_47,CC_48,CC_49,CC_50
s0306lre_0,-0.03646012509664078,0.05734744060418507,-0.04877714585590662,0.022932948750728488,-0.004087876004196434,-0.00592360414009094,0.008800594651121254,-0.003768939903870688,-0.0007877435921370495,0.0006348121425381132,-0.00036341854587160677,-0.00010385253512882918,0.0005340593738580055,-4.67807878218727e-05,-0.0004706033839938061,0.00014607617081454873,0.00043084467066374876,-5.2412669766030804e-06,-0.00019209887708133237,2.2066102201288502e-06,5.402629409825443e-05,-8.993390099174858e-05,-0.000125196772776579,-3.867801071545281e-09,0.00010388729410557151,-3.130236577730511e-05,4.5773141084042415e-05,0.0001657081404115462,-9.570285410643515e-05,-4.498016919236852e-05,7.544180420682688e-06,-7.676996748872562e-05,3.9967435104237916e-05,0.00010415233716024013,-7.547391057889327e-05,-3.633131993847469e-05,-2.376045027762594e-05,6.661183510029453e-05,-1.818384450583054e-05,-3.401555588156687e-05,-8.817182687636839e-06,2.5553788283098313e-05,-1.2741891157234036e-05,2.1922305670527865e-05,-3.01461877337979e-05,6.6316781887571725e-06,-2.1601185630600913e-05,2.3989997970465598e-05,-3.0469193979263143e-05,2.0145179077312574e-05
