ID,CC_1,CC_2,CC_3,CC_4,CC_5,CC_6,CC_7,CC_8,CC_9,CC_10,CC_11,CC_12,CC_13,CC_14,CC_15,CC_16,CC_17,CC_18,CC_19,CC_20,CC_21,CC_22,CC_23,CC_24,CC_25,CC_26,CC_27,CC_28,CC_29,CC_30,CC_31,CC_32,CC_33,CC_34,CC_35,CC_36,CC_37,CC_38,CC_39,CC_40,CC_41,CC_42,CC_43,CC_44,CC_45,CC_46,CC_47,CC_48,CC_49,CC_50,CC_51,CC_52,CC_53,CC_54,CC_55,CC_56,CC_57,CC_58,CC_59,CC_60,CC_61,CC_62,CC_63,CC_64,CC_65,CC_66,CC_67,CC_68,CC_69,CC_70
s0306lre_0,-0.03637108136547402,0.06051913397436677,-0.04860070553391827,0.02604632573797507,-0.0039163433127179705,-0.002925648327032371,0.00896406047719392,-0.0009410937961123961,-0.0006353355579878674,0.0032414651088091707,-0.00022482475868387816,0.002235289239539651,0.000656381437001868,0.0019844109024821826,-0.0003666498292224552,0.0018358010900481054,0.0005147509992419419,0.001317363988048779,-0.00012944936012708369,0.0009407064130036053,9.472096655602565e-05,0.000456765220655548,-0.00010661225888422443,0.00015688933973423457,0.00010076624415791442,-0.00025239859666670783,2.1911617261913543e-05,-0.0004119148512667243,-0.00013879756137029364,-0.0009485347718249174,-5.277303607194135e-05,-0.0012673985199008993,-3.511827170343709e-05,-0.0013276568587926292,-0.0001625114648156129,-0.0016579556101633227,-0.0001196699172754826,-0.0016898457081580885,-0.00011973604465378999,-0.0018687881963501806,-0.00011275629111714644,-0.0018316916459170582,-0.00011590705032430321,-0.001804862495661502,-0.00012957516397066725,-0.0017417980587389416,-0.00011457269743289479,-0.0016051329925305636,-0.00011428367191566176,-0.001457253706196531,-6.876713457755228e-05,-0.0013034950701614684,-7.142593060958992e-05,-0.0011127718290276588,-5.8251757063473646e-05,-0.0009313624519279443,-7.080273536340348e-05,-0.0007100361314960576,-3.117689354105367e-05,-0.0005571698285872263,-2.6803784371295407e-05,-0.00043059970382193155,-2.3372587695285272e-05,-0.00027297386400884074,6.170772367388247e-06,-0.0001817880838402319,1.1093818179927011e-05,-0.00011259809785111588,-1.645295456744725e-05,-5.311598587796588e-05
