ID,CC_1,CC_2,CC_3,CC_4,CC_5,CC_6,CC_7,CC_8,CC_9,CC_10,CC_11,CC_12,CC_13,CC_14,CC_15,CC_16,CC_17,CC_18,CC_19,CC_20
s0306lre_0,-0.036474255405768284,0.0573682281014156,-0.048805200996189894,0.022953652854886358,-0.004115323076408519,-0.00590303640371278,0.008774131895243118,-0.0037484957108405393,-0.0008128945103967315,0.0006552590217716914,-0.00038701159958875954,-8.308956600098205e-05,0.0005121308127109475,-2.5068887967867802e-05,-0.0004910290364080939,0.00016996985631596276,0.0004111057584928569,2.3411770962971534e-05,-0.00021443630638241394,4.2390789787313415e-05
